place,type,month,quantity,amount yen,average price
Hokkaido,,,"41,273,009","6,626,994,018",161
Hokkaido,vegetable,,"41,100,952","6,536,873,522",159
Hokkaido,vegetable,1,"2,423,668","325,532,823",134
Hokkaido,vegetable,2,"2,515,881","343,545,981",137
Hokkaido,vegetable,3,"2,718,578","371,730,452",137
Hokkaido,vegetable,4,"1,381,045","229,989,956",167
Hokkaido,vegetable,5,"454,193","115,911,223",255
Hokkaido,vegetable,6,"1,318,445","342,838,366",260
Hokkaido,vegetable,7,"3,419,201","678,974,369",199
Hokkaido,vegetable,8,"5,844,678","1,057,407,675",181
Hokkaido,vegetable,9,"7,442,382","1,293,009,040",174
Hokkaido,vegetable,10,"6,288,610","839,956,589",134
Hokkaido,vegetable,11,"4,481,113","568,219,682",127
Hokkaido,vegetable,12,"2,813,158","369,757,366",131
Hokkaido,fruit,,"172,057","90,120,496",524
Hokkaido,fruit,1,40,"58,611","1,465"
Hokkaido,fruit,2,48,"51,954","1,082"
Hokkaido,fruit,3,51,"59,967","1,176"
Hokkaido,fruit,4,122,"175,360","1,437"
Hokkaido,fruit,5,220,"248,980","1,132"
Hokkaido,fruit,6,"2,407","2,255,692",937
Hokkaido,fruit,7,"29,229","35,971,040","1,231"
Hokkaido,fruit,8,"36,946","16,132,545",437
Hokkaido,fruit,9,"39,691","14,988,767",378
Hokkaido,fruit,10,"37,245","13,423,692",360
Hokkaido,fruit,11,"25,991","6,678,396",257
Hokkaido,fruit,12,67,"75,492","1,127"
,,,,,
Aomori,,,"11,741,058","2,651,546,098",226
Aomori,vegetable,,"6,205,780","1,004,786,824",162
Aomori,vegetable,1,"98,349","52,671,040",536
Aomori,vegetable,2,"99,168","51,463,019",519
Aomori,vegetable,3,"130,426","61,576,120",472
Aomori,vegetable,4,"145,426","63,792,620",439
Aomori,vegetable,5,"182,355","61,834,491",339
Aomori,vegetable,6,"1,185,232","134,352,296",113
Aomori,vegetable,7,"746,666","83,008,016",111
Aomori,vegetable,8,"654,827","100,366,492",153
Aomori,vegetable,9,"819,072","111,208,984",136
Aomori,vegetable,10,"475,763","69,789,294",147
Aomori,vegetable,11,"1,083,413","117,666,322",109
Aomori,vegetable,12,"585,083","97,058,130",166
Aomori,fruit,,"5,535,278","1,646,759,274",298
Aomori,fruit,1,"594,301","186,920,671",315
Aomori,fruit,2,"679,914","190,233,020",280
Aomori,fruit,3,"694,254","176,374,026",254
Aomori,fruit,4,"661,782","174,381,286",264
Aomori,fruit,5,"499,590","154,076,257",308
Aomori,fruit,6,"377,755","124,249,654",329
Aomori,fruit,7,"273,560","95,355,732",349
Aomori,fruit,8,"146,413","53,866,269",368
Aomori,fruit,9,"395,368","100,186,219",253
Aomori,fruit,10,"397,370","113,077,087",285
Aomori,fruit,11,"377,246","126,416,715",335
Aomori,fruit,12,"437,725","151,622,338",346
,,,,,
Iwate,,,"1,836,886","207,941,548",113
Iwate,vegetable,,"1,474,112","108,382,288",74
Iwate,vegetable,1,96,"182,650","1,903"
Iwate,vegetable,2,100,"98,496",985
Iwate,vegetable,3,104,"148,932","1,432"
Iwate,vegetable,4,50,"165,899","3,318"
Iwate,vegetable,5,16,"16,848","1,053"
Iwate,vegetable,6,970,"2,221,560","2,290"
Iwate,vegetable,7,290,"312,390","1,077"
Iwate,vegetable,8,"271,752","21,229,165",78
Iwate,vegetable,9,"443,754","35,699,522",80
Iwate,vegetable,10,"528,743","31,592,364",60
Iwate,vegetable,11,"227,906","16,332,736",72
Iwate,vegetable,12,331,"381,726","1,153"
Iwate,fruit,,"362,774","99,559,260",274
Iwate,fruit,1,"10,460","2,873,664",275
Iwate,fruit,2,19,"19,170","1,009"
Iwate,fruit,3,-19,"-19,170","1,009"
Iwate,fruit,9,"46,200","10,615,050",230
Iwate,fruit,10,"98,330","24,502,014",249
Iwate,fruit,11,"94,556","28,746,954",304
Iwate,fruit,12,"113,228","32,821,578",290
,,,,,
Miyagi,,,"11,300","6,702,168",593
Miyagi,vegetable,,"11,290","6,695,040",593
Miyagi,vegetable,1,14,"44,334","3,167"
Miyagi,vegetable,2,1,"1,080","1,080"
Miyagi,vegetable,3,8,"2,160",270
Miyagi,vegetable,4,865,"464,238",537
Miyagi,vegetable,5,164,"224,208","1,367"
Miyagi,vegetable,6,"3,297","1,833,149",556
Miyagi,vegetable,7,"3,033","1,502,475",495
Miyagi,vegetable,8,284,"665,626","2,344"
Miyagi,vegetable,9,"2,429","769,500",317
Miyagi,vegetable,10,601,"527,850",878
Miyagi,vegetable,11,468,"545,994","1,167"
Miyagi,vegetable,12,126,"114,426",908
Miyagi,fruit,,10,"7,128",713
Miyagi,fruit,8,10,"7,128",713
,,,,,
Akita,,,"243,076","87,511,190",360
Akita,vegetable,,"16,038","44,537,095","2,777"
Akita,vegetable,1,"1,282","3,554,641","2,773"
Akita,vegetable,2,811,"2,956,662","3,646"
Akita,vegetable,3,"1,671","8,089,026","4,841"
Akita,vegetable,4,"1,353","5,571,051","4,118"
Akita,vegetable,5,"2,444","6,311,715","2,583"
Akita,vegetable,6,"1,464","3,769,848","2,575"
Akita,vegetable,7,667,"2,422,332","3,632"
Akita,vegetable,8,"1,470","1,851,228","1,259"
Akita,vegetable,9,"1,387","3,527,426","2,543"
Akita,vegetable,10,"1,372","2,684,773","1,957"
Akita,vegetable,11,"1,295","2,672,655","2,064"
Akita,vegetable,12,822,"1,125,738","1,370"
Akita,fruit,,"227,038","42,974,095",189
Akita,fruit,1,"13,220","3,888,399",294
Akita,fruit,2,"7,910","1,574,130",199
Akita,fruit,5,360,"162,000",450
Akita,fruit,6,0,"4,320",#DIV/0!
Akita,fruit,7,360,"167,400",465
Akita,fruit,8,"140,058","22,578,264",161
Akita,fruit,9,"8,610","1,514,647",176
Akita,fruit,10,"29,980","6,405,776",214
Akita,fruit,11,"13,500","3,342,028",248
Akita,fruit,12,"13,040","3,337,131",256
,,,,,
Yamagata,,,"1,134,251","444,971,777",392
Yamagata,vegetable,,"87,304","56,342,373",645
Yamagata,vegetable,1,228,"604,756","2,652"
Yamagata,vegetable,2,512,"1,728,821","3,377"
Yamagata,vegetable,3,987,"4,407,395","4,465"
Yamagata,vegetable,4,"1,017","2,653,210","2,609"
Yamagata,vegetable,5,262,"463,698","1,770"
Yamagata,vegetable,6,"3,104","797,040",257
Yamagata,vegetable,7,"6,481","1,253,508",193
Yamagata,vegetable,8,"23,681","18,787,783",793
Yamagata,vegetable,9,"33,713","15,369,626",456
Yamagata,vegetable,10,"14,880","7,807,635",525
Yamagata,vegetable,11,"2,201","2,032,441",923
Yamagata,vegetable,12,238,"436,460","1,834"
Yamagata,fruit,,"1,046,947","388,629,404",371
Yamagata,fruit,1,"4,715","1,216,706",258
Yamagata,fruit,2,976,"502,501",515
Yamagata,fruit,3,"1,080","887,564",822
Yamagata,fruit,4,"2,303","4,695,103","2,039"
Yamagata,fruit,5,"2,823","9,572,652","3,391"
Yamagata,fruit,6,"55,376","68,826,487","1,243"
Yamagata,fruit,7,"304,644","131,937,978",433
Yamagata,fruit,8,"485,367","110,714,255",228
Yamagata,fruit,9,"25,321","10,839,088",428
Yamagata,fruit,10,"24,589","8,067,040",328
Yamagata,fruit,11,"92,701","28,153,643",304
Yamagata,fruit,12,"47,052","13,216,387",281
,,,,,
Fukushima,,,"593,400","246,407,517",415
Fukushima,vegetable,,"523,528","198,193,016",379
Fukushima,vegetable,1,29,"119,448","4,119"
Fukushima,vegetable,2,73,"195,974","2,685"
Fukushima,vegetable,3,32,"46,157","1,442"
Fukushima,vegetable,4,30,"22,624",754
Fukushima,vegetable,5,"2,468","2,331,084",945
Fukushima,vegetable,6,"10,512","4,764,289",453
Fukushima,vegetable,7,"151,080","48,914,238",324
Fukushima,vegetable,8,"224,603","87,833,930",391
Fukushima,vegetable,9,"124,632","51,013,234",409
Fukushima,vegetable,10,"9,945","2,656,010",267
Fukushima,vegetable,12,124,"296,028","2,387"
Fukushima,fruit,,"69,872","48,214,501",690
Fukushima,fruit,1,"7,865","10,522,203","1,338"
Fukushima,fruit,2,"5,973","8,567,241","1,434"
Fukushima,fruit,3,350,"651,456","1,861"
Fukushima,fruit,6,17,"12,247",720
Fukushima,fruit,7,"2,328","1,176,962",506
Fukushima,fruit,8,"41,153","17,997,783",437
Fukushima,fruit,9,"6,765","1,978,798",293
Fukushima,fruit,10,"1,582","480,850",304
Fukushima,fruit,11,12,"8,749",729
Fukushima,fruit,12,"3,827","6,818,212","1,782"
,,,,,
Ibaragi,,,"9,841,402","2,104,323,262",214
Ibaragi,vegetable,,"9,779,405","2,074,954,206",212
Ibaragi,vegetable,1,"332,570","60,314,087",181
Ibaragi,vegetable,2,"378,636","76,793,895",203
Ibaragi,vegetable,3,"371,097","95,832,097",258
Ibaragi,vegetable,4,"670,338","139,319,266",208
Ibaragi,vegetable,5,"1,159,339","159,957,101",138
Ibaragi,vegetable,6,"968,577","158,933,301",164
Ibaragi,vegetable,7,"594,655","167,824,434",282
Ibaragi,vegetable,8,"253,356","102,920,980",406
Ibaragi,vegetable,9,"674,875","305,430,841",453
Ibaragi,vegetable,10,"1,122,104","247,986,417",221
Ibaragi,vegetable,11,"1,969,721","342,510,846",174
Ibaragi,vegetable,12,"1,284,137","217,130,941",169
Ibaragi,fruit,,"61,997","29,369,056",474
Ibaragi,fruit,1,4,"10,368","2,592"
Ibaragi,fruit,2,8,"20,736","2,592"
Ibaragi,fruit,3,6,"15,552","2,592"
Ibaragi,fruit,4,2,"4,968","2,484"
Ibaragi,fruit,5,180,"107,611",598
Ibaragi,fruit,6,"21,317","8,301,005",389
Ibaragi,fruit,7,"14,860","3,180,605",214
Ibaragi,fruit,8,"8,944","4,570,560",511
Ibaragi,fruit,9,"14,296","11,730,852",821
Ibaragi,fruit,10,"2,170","1,053,983",486
Ibaragi,fruit,11,166,"257,472","1,551"
Ibaragi,fruit,12,44,"115,344","2,621"
,,,,,
Tochigi,,,"435,354","106,707,664",245
Tochigi,vegetable,,"424,206","103,011,818",243
Tochigi,vegetable,1,"46,194","12,671,705",274
Tochigi,vegetable,2,"68,480","17,854,280",261
Tochigi,vegetable,3,"55,177","16,918,298",307
Tochigi,vegetable,4,"14,242","6,333,898",445
Tochigi,vegetable,5,"8,071","3,562,019",441
Tochigi,vegetable,6,"47,851","6,515,743",136
Tochigi,vegetable,7,"6,978","1,759,773",252
Tochigi,vegetable,8,"1,810","1,809,821","1,000"
Tochigi,vegetable,9,"22,011","5,717,089",260
Tochigi,vegetable,10,"48,289","8,680,165",180
Tochigi,vegetable,11,"33,171","7,414,804",224
Tochigi,vegetable,12,"71,932","13,774,223",191
Tochigi,fruit,,"11,148","3,695,846",332
Tochigi,fruit,1,23,"25,272","1,099"
Tochigi,fruit,2,31,"33,048","1,066"
Tochigi,fruit,3,35,"36,936","1,055"
Tochigi,fruit,4,63,"68,040","1,080"
Tochigi,fruit,5,18,"19,440","1,080"
Tochigi,fruit,6,49,"52,488","1,071"
Tochigi,fruit,7,52,"67,392","1,296"
Tochigi,fruit,8,36,"38,880","1,080"
Tochigi,fruit,9,"2,438","757,306",311
Tochigi,fruit,10,"5,483","1,455,638",265
Tochigi,fruit,11,"2,580","978,799",379
Tochigi,fruit,12,340,"162,607",478
,,,,,
Chiba,,,"2,744,583","354,868,780",129
Chiba,vegetable,,"2,744,016","353,031,786",129
Chiba,vegetable,1,"118,061","22,432,420",190
Chiba,vegetable,2,"89,020","17,589,333",198
Chiba,vegetable,3,"109,860","12,883,011",117
Chiba,vegetable,4,"211,929","20,189,142",95
Chiba,vegetable,5,"387,855","33,952,008",88
Chiba,vegetable,6,"125,562","13,333,272",106
Chiba,vegetable,7,"312,696","42,328,157",135
Chiba,vegetable,8,"17,443","3,336,602",191
Chiba,vegetable,9,"19,484","4,397,803",226
Chiba,vegetable,10,"204,338","21,217,350",104
Chiba,vegetable,11,"545,036","67,172,327",123
Chiba,vegetable,12,"602,732","94,200,361",156
Chiba,fruit,,567,"1,836,994","3,240"
Chiba,fruit,1,60,"194,400","3,240"
Chiba,fruit,2,62,"200,664","3,237"
Chiba,fruit,3,40,"129,600","3,240"
Chiba,fruit,4,60,"194,400","3,240"
Chiba,fruit,5,20,"64,800","3,240"
Chiba,fruit,6,20,"64,800","3,240"
Chiba,fruit,7,40,"129,600","3,240"
Chiba,fruit,8,40,"129,600","3,240"
Chiba,fruit,9,20,"64,800","3,240"
Chiba,fruit,10,40,"129,600","3,240"
Chiba,fruit,11,45,"145,930","3,243"
Chiba,fruit,12,120,"388,800","3,240"
,,,,,
Gunma,,,"4,007,584","436,889,189",109
Gunma,vegetable,,"4,007,336","436,821,041",109
Gunma,vegetable,1,"29,625","13,966,016",471
Gunma,vegetable,2,"19,734","9,391,303",476
Gunma,vegetable,3,"21,338","8,827,679",414
Gunma,vegetable,4,"14,933","7,628,446",511
Gunma,vegetable,5,"28,821","9,445,654",328
Gunma,vegetable,6,"89,565","16,422,373",183
Gunma,vegetable,7,"811,560","52,276,573",64
Gunma,vegetable,8,"933,553","89,340,021",96
Gunma,vegetable,9,"1,076,695","122,606,090",114
Gunma,vegetable,10,"672,181","62,534,052",93
Gunma,vegetable,11,"243,427","28,051,726",115
Gunma,vegetable,12,"65,904","16,331,108",248
Gunma,fruit,,248,"68,148",275
Gunma,fruit,7,248,"68,148",275
,,,,,
Saitama,,,"94,328","43,125,291",457
Saitama,vegetable,,"94,328","43,125,291",457
Saitama,vegetable,1,"5,541","2,415,302",436
Saitama,vegetable,2,"13,898","6,828,386",491
Saitama,vegetable,3,"6,436","2,876,434",447
Saitama,vegetable,4,"3,323","1,250,316",376
Saitama,vegetable,5,"7,507","2,081,095",277
Saitama,vegetable,6,"10,328","3,145,813",305
Saitama,vegetable,7,"2,544","973,566",383
Saitama,vegetable,8,"1,605","524,070",327
Saitama,vegetable,9,"7,956","2,827,399",355
Saitama,vegetable,10,"11,076","4,221,655",381
Saitama,vegetable,11,"10,379","4,930,954",475
Saitama,vegetable,12,"13,735","11,050,301",805
,,,,,
Tokyo,,,"1,024","589,454",576
Tokyo,vegetable,,"1,024","589,454",576
Tokyo,vegetable,1,123,"56,268",457
Tokyo,vegetable,2,99,"41,774",422
Tokyo,vegetable,3,6,"3,456",576
Tokyo,vegetable,4,134,"79,704",595
Tokyo,vegetable,5,2,648,324
Tokyo,vegetable,6,30,"29,722",991
Tokyo,vegetable,7,4,"1,404",351
Tokyo,vegetable,8,1,"1,426","1,426"
Tokyo,vegetable,9,8,"3,240",405
Tokyo,vegetable,10,2,756,378
Tokyo,vegetable,11,55,"26,039",473
Tokyo,vegetable,12,560,"345,017",616
,,,,,
Kanagawa,,,"778,180","96,459,854",124
Kanagawa,vegetable,,"769,961","91,444,205",119
Kanagawa,vegetable,1,"85,629","8,325,331",97
Kanagawa,vegetable,2,"72,114","7,105,556",99
Kanagawa,vegetable,3,"93,352","9,831,010",105
Kanagawa,vegetable,4,"223,160","29,349,000",132
Kanagawa,vegetable,5,"172,596","17,495,979",101
Kanagawa,vegetable,6,276,"97,524",353
Kanagawa,vegetable,7,278,"82,998",299
Kanagawa,vegetable,8,115,"29,484",256
Kanagawa,vegetable,9,25,"3,888",156
Kanagawa,vegetable,10,146,"84,996",582
Kanagawa,vegetable,11,"19,048","2,861,270",150
Kanagawa,vegetable,12,"103,222","16,177,169",157
Kanagawa,fruit,,"8,219","5,015,649",610
Kanagawa,fruit,1,304,"181,529",597
Kanagawa,fruit,2,403,"250,660",622
Kanagawa,fruit,3,"1,133","723,416",638
Kanagawa,fruit,4,831,"505,155",608
Kanagawa,fruit,5,811,"503,611",621
Kanagawa,fruit,6,807,"498,826",618
Kanagawa,fruit,7,"1,112","602,654",542
Kanagawa,fruit,8,875,"549,174",628
Kanagawa,fruit,9,522,"322,018",617
Kanagawa,fruit,10,359,"223,658",623
Kanagawa,fruit,11,497,"307,827",619
Kanagawa,fruit,12,565,"347,121",614
,,,,,
Yamanashi,,,"1,436,354","1,074,785,902",748
Yamanashi,vegetable,,"224,866","28,704,741",128
Yamanashi,vegetable,1,"1,479","312,822",212
Yamanashi,vegetable,4,638,"150,638",236
Yamanashi,vegetable,5,"39,043","4,476,729",115
Yamanashi,vegetable,6,"67,956","6,758,139",99
Yamanashi,vegetable,7,"6,030","963,748",160
Yamanashi,vegetable,8,"11,187","2,931,160",262
Yamanashi,vegetable,9,"15,580","4,906,019",315
Yamanashi,vegetable,10,"61,242","4,831,002",79
Yamanashi,vegetable,11,"15,007","1,945,577",130
Yamanashi,vegetable,12,"6,704","1,428,907",213
Yamanashi,fruit,,"1,211,488","1,046,081,161",863
Yamanashi,fruit,1,"6,085","3,221,165",529
Yamanashi,fruit,2,"5,277","2,823,012",535
Yamanashi,fruit,4,84,"463,104","5,513"
Yamanashi,fruit,5,"2,507","9,463,005","3,775"
Yamanashi,fruit,6,"50,314","70,558,022","1,402"
Yamanashi,fruit,7,"377,615","288,856,038",765
Yamanashi,fruit,8,"444,271","364,563,056",821
Yamanashi,fruit,9,"260,741","238,691,665",915
Yamanashi,fruit,10,"48,079","49,290,213","1,025"
Yamanashi,fruit,11,"8,254","8,795,347","1,066"
Yamanashi,fruit,12,"8,261","9,356,534","1,133"
,,,,,
Nagano,,,"31,375,544","5,752,886,547",183
Nagano,vegetable,,"29,359,025","4,873,896,902",166
Nagano,vegetable,1,"685,798","227,473,553",332
Nagano,vegetable,2,"627,652","193,049,884",308
Nagano,vegetable,3,"589,952","154,533,178",262
Nagano,vegetable,4,"511,925","137,539,332",269
Nagano,vegetable,5,"1,274,999","274,771,908",216
Nagano,vegetable,6,"3,131,074","462,104,726",148
Nagano,vegetable,7,"4,463,463","510,641,421",114
Nagano,vegetable,8,"4,536,922","657,025,414",145
Nagano,vegetable,9,"5,367,696","900,872,795",168
Nagano,vegetable,10,"5,648,239","601,707,959",107
Nagano,vegetable,11,"1,623,508","401,218,159",247
Nagano,vegetable,12,"897,797","352,958,573",393
Nagano,fruit,,"2,016,519","878,989,645",436
Nagano,fruit,1,"19,936","31,857,721","1,598"
Nagano,fruit,2,"2,975","5,361,406","1,802"
Nagano,fruit,3,768,"711,245",926
Nagano,fruit,4,237,"658,962","2,780"
Nagano,fruit,5,"1,477","2,863,298","1,939"
Nagano,fruit,6,"1,630","5,239,944","3,215"
Nagano,fruit,7,"264,468","84,195,880",318
Nagano,fruit,8,"440,166","137,891,055",313
Nagano,fruit,9,"547,347","220,454,177",403
Nagano,fruit,10,"430,646","212,632,739",494
Nagano,fruit,11,"209,045","92,222,328",441
Nagano,fruit,12,"97,824","84,900,890",868
,,,,,
Niigata,,,"499,289","243,896,725",488
Niigata,vegetable,,"480,801","240,437,431",500
Niigata,vegetable,1,"36,683","21,617,988",589
Niigata,vegetable,2,"34,832","23,255,143",668
Niigata,vegetable,3,"37,090","25,444,339",686
Niigata,vegetable,4,"45,440","24,790,123",546
Niigata,vegetable,5,"38,830","17,611,751",454
Niigata,vegetable,6,"37,638","14,632,167",389
Niigata,vegetable,7,"26,993","10,908,781",404
Niigata,vegetable,8,"31,524","12,320,731",391
Niigata,vegetable,9,"38,115","20,184,812",530
Niigata,vegetable,10,"86,531","22,591,143",261
Niigata,vegetable,11,"30,207","22,536,475",746
Niigata,vegetable,12,"36,918","24,543,978",665
Niigata,fruit,,"18,488","3,459,294",187
Niigata,fruit,7,"15,550","2,710,422",174
Niigata,fruit,8,"2,638","627,480",238
Niigata,fruit,10,300,"121,392",405
,,,,,
Toyama,,,"384,063","117,108,498",305
Toyama,vegetable,,"8,663","3,696,564",427
Toyama,vegetable,1,474,"277,614",586
Toyama,vegetable,5,684,"349,251",511
Toyama,vegetable,6,840,"113,022",135
Toyama,vegetable,7,560,"138,148",247
Toyama,vegetable,8,315,"227,858",723
Toyama,vegetable,9,735,"382,752",521
Toyama,vegetable,10,"1,221","729,842",598
Toyama,vegetable,11,"3,630","1,401,613",386
Toyama,vegetable,12,204,"76,464",375
Toyama,fruit,,"375,400","113,411,934",302
Toyama,fruit,1,330,"514,620","1,559"
Toyama,fruit,8,"102,370","30,794,202",301
Toyama,fruit,9,"174,980","47,620,278",272
Toyama,fruit,10,"91,650","21,887,442",239
Toyama,fruit,11,"2,238","2,301,912","1,029"
Toyama,fruit,12,"3,832","10,293,480","2,686"
,,,,,
Ishikawa,,,"2,572,442","501,314,407",195
Ishikawa,vegetable,,"1,689,453","333,655,833",197
Ishikawa,vegetable,1,"37,401","20,253,210",542
Ishikawa,vegetable,2,"28,534","14,949,651",524
Ishikawa,vegetable,3,"15,719","7,960,549",506
Ishikawa,vegetable,4,"15,392","8,309,319",540
Ishikawa,vegetable,5,"86,039","19,546,310",227
Ishikawa,vegetable,6,"53,494","17,520,622",328
Ishikawa,vegetable,7,"54,749","12,244,657",224
Ishikawa,vegetable,8,"140,975","31,696,975",225
Ishikawa,vegetable,9,"40,351","16,881,319",418
Ishikawa,vegetable,10,"836,278","90,958,777",109
Ishikawa,vegetable,11,"284,872","59,534,771",209
Ishikawa,vegetable,12,"95,649","33,799,673",353
Ishikawa,fruit,,"882,989","167,658,574",190
Ishikawa,fruit,6,"112,566","21,045,960",187
Ishikawa,fruit,7,"632,112","114,235,996",181
Ishikawa,fruit,8,"120,064","19,627,812",163
Ishikawa,fruit,9,"15,238","7,947,504",522
Ishikawa,fruit,10,"1,919","702,162",366
Ishikawa,fruit,12,"1,090","4,099,140","3,761"
,,,,,
Fukui,,,"422,337","125,066,955",296
Fukui,vegetable,,"343,607","110,332,834",321
Fukui,vegetable,1,"4,469","4,442,785",994
Fukui,vegetable,2,"3,630","3,403,005",937
Fukui,vegetable,3,"5,317","3,908,448",735
Fukui,vegetable,4,"6,485","4,063,467",627
Fukui,vegetable,5,"81,652","14,883,771",182
Fukui,vegetable,6,"37,503","18,047,278",481
Fukui,vegetable,7,"9,477","6,728,044",710
Fukui,vegetable,8,"14,841","10,209,640",688
Fukui,vegetable,9,"12,195","6,766,282",555
Fukui,vegetable,10,"85,074","15,270,887",180
Fukui,vegetable,11,"73,665","15,590,418",212
Fukui,vegetable,12,"9,299","7,018,809",755
Fukui,fruit,,"78,730","14,734,121",187
Fukui,fruit,7,21,864,41
Fukui,fruit,8,"15,922","2,037,852",128
Fukui,fruit,9,700,"136,085",194
Fukui,fruit,10,"25,366","4,817,329",190
Fukui,fruit,11,"36,721","7,741,991",211
,,,,,
Shizuoka,,,"1,325,520","711,493,817",537
Shizuoka,vegetable,,"1,187,603","558,194,295",470
Shizuoka,vegetable,1,"155,547","60,726,150",390
Shizuoka,vegetable,2,"196,374","66,334,561",338
Shizuoka,vegetable,3,"141,629","55,916,358",395
Shizuoka,vegetable,4,"79,973","42,303,190",529
Shizuoka,vegetable,5,"105,537","43,409,105",411
Shizuoka,vegetable,6,"121,216","43,297,048",357
Shizuoka,vegetable,7,"115,978","42,204,682",364
Shizuoka,vegetable,8,"51,912","35,328,652",681
Shizuoka,vegetable,9,"43,122","31,762,384",737
Shizuoka,vegetable,10,"41,182","31,555,296",766
Shizuoka,vegetable,11,"55,026","42,815,638",778
Shizuoka,vegetable,12,"80,107","62,541,231",781
Shizuoka,fruit,,"137,917","153,299,522","1,112"
Shizuoka,fruit,1,"11,197","13,270,587","1,185"
Shizuoka,fruit,2,"11,917","12,676,813","1,064"
Shizuoka,fruit,3,"12,701","16,303,648","1,284"
Shizuoka,fruit,4,"12,107","13,308,246","1,099"
Shizuoka,fruit,5,"12,165","14,078,124","1,157"
Shizuoka,fruit,6,"12,484","13,511,404","1,082"
Shizuoka,fruit,7,"11,094","10,905,572",983
Shizuoka,fruit,8,"14,038","11,798,989",841
Shizuoka,fruit,9,"12,358","9,960,840",806
Shizuoka,fruit,10,"9,480","8,844,379",933
Shizuoka,fruit,11,"9,237","13,378,446","1,448"
Shizuoka,fruit,12,"9,139","15,262,474","1,670"
,,,,,
Aichi,,,"7,393,947","2,585,115,281",350
Aichi,vegetable,,"7,384,525","2,579,185,356",349
Aichi,vegetable,1,"1,151,287","254,684,738",221
Aichi,vegetable,2,"1,077,762","260,150,148",241
Aichi,vegetable,3,"1,314,800","299,178,716",228
Aichi,vegetable,4,"910,873","241,857,709",266
Aichi,vegetable,5,"715,700","227,411,338",318
Aichi,vegetable,6,"426,776","197,540,382",463
Aichi,vegetable,7,"166,995","152,477,341",913
Aichi,vegetable,8,"52,289","144,753,005","2,768"
Aichi,vegetable,9,"53,457","127,010,147","2,376"
Aichi,vegetable,10,"91,003","124,463,977","1,368"
Aichi,vegetable,11,"517,964","204,780,012",395
Aichi,vegetable,12,"905,619","344,877,843",381
Aichi,fruit,,"9,422","5,929,925",629
Aichi,fruit,5,855,"619,722",725
Aichi,fruit,6,"3,066","1,644,169",536
Aichi,fruit,7,540,"274,815",509
Aichi,fruit,8,"4,582","2,936,971",641
Aichi,fruit,9,365,"449,064","1,230"
Aichi,fruit,10,14,"5,184",370
,,,,,
Gifu,,,"2,734,537","1,252,718,852",458
Gifu,vegetable,,"2,734,537","1,252,718,852",458
Gifu,vegetable,1,"35,250","13,115,506",372
Gifu,vegetable,2,"32,880","11,908,196",362
Gifu,vegetable,3,"25,761","9,082,140",353
Gifu,vegetable,4,"34,433","15,683,835",455
Gifu,vegetable,5,"136,953","72,428,620",529
Gifu,vegetable,6,"148,101","94,648,787",639
Gifu,vegetable,7,"402,059","168,187,637",418
Gifu,vegetable,8,"747,410","301,063,687",403
Gifu,vegetable,9,"565,892","293,332,022",518
Gifu,vegetable,10,"408,892","178,134,869",436
Gifu,vegetable,11,"144,109","75,893,989",527
Gifu,vegetable,12,"52,797","19,239,564",364
,,,,,
Mie,,,"844,349","384,512,457",455
Mie,vegetable,,"842,342","383,858,598",456
Mie,vegetable,1,"48,957","31,700,525",648
Mie,vegetable,2,"83,607","38,506,289",461
Mie,vegetable,3,"95,048","38,563,363",406
Mie,vegetable,4,"126,621","49,292,340",389
Mie,vegetable,5,"173,653","59,565,218",343
Mie,vegetable,6,"149,707","52,939,190",354
Mie,vegetable,7,"62,051","23,156,547",373
Mie,vegetable,8,"14,987","10,712,407",715
Mie,vegetable,9,"9,766","8,823,642",904
Mie,vegetable,10,"10,109","6,455,091",639
Mie,vegetable,11,"25,419","23,419,014",921
Mie,vegetable,12,"42,417","40,724,972",960
Mie,fruit,,"2,007","653,859",326
Mie,fruit,1,20,"6,048",302
Mie,fruit,2,62,"12,960",209
Mie,fruit,4,"1,435","509,166",355
Mie,fruit,6,490,"125,685",257
,,,,,
Shiga,,,"7,200,372","2,006,493,032",279
Shiga,vegetable,,"7,100,071","1,986,605,344",280
Shiga,vegetable,1,"473,130","143,341,012",303
Shiga,vegetable,2,"582,440","145,894,139",250
Shiga,vegetable,3,"925,405","177,862,213",192
Shiga,vegetable,4,"767,778","157,033,036",205
Shiga,vegetable,5,"446,742","128,277,350",287
Shiga,vegetable,6,"410,939","105,749,283",257
Shiga,vegetable,7,"284,056","67,854,342",239
Shiga,vegetable,8,"179,782","74,489,952",414
Shiga,vegetable,9,"382,615","126,698,347",331
Shiga,vegetable,10,"746,160","200,190,950",268
Shiga,vegetable,11,"949,051","319,394,046",337
Shiga,vegetable,12,"951,973","339,820,674",357
Shiga,fruit,,"100,301","19,887,688",198
Shiga,fruit,6,240,"78,138",326
Shiga,fruit,7,"9,747","2,834,935",291
Shiga,fruit,8,"78,760","12,024,257",153
Shiga,fruit,9,"4,224","2,652,705",628
Shiga,fruit,10,"1,187","837,102",705
Shiga,fruit,11,"6,143","1,460,551",238
,,,,,
Kyoto,,,"9,442,622","3,945,306,945",418
Kyoto,vegetable,,"8,948,600","3,711,880,946",415
Kyoto,vegetable,1,"731,502","247,443,264",338
Kyoto,vegetable,2,"606,292","224,109,103",370
Kyoto,vegetable,3,"437,518","227,575,636",520
Kyoto,vegetable,4,"494,398","282,574,635",572
Kyoto,vegetable,5,"892,442","272,953,187",306
Kyoto,vegetable,6,"940,995","316,693,346",337
Kyoto,vegetable,7,"991,296","334,564,237",338
Kyoto,vegetable,8,"924,206","375,107,604",406
Kyoto,vegetable,9,"717,057","314,640,474",439
Kyoto,vegetable,10,"554,634","257,507,659",464
Kyoto,vegetable,11,"624,788","331,703,773",531
Kyoto,vegetable,12,"1,033,472","527,008,028",510
Kyoto,fruit,,"494,022","233,425,999",473
Kyoto,fruit,1,756,"891,476","1,179"
Kyoto,fruit,2,29,"60,134","2,074"
Kyoto,fruit,3,19,"40,090","2,110"
Kyoto,fruit,6,"4,115","2,969,460",722
Kyoto,fruit,7,"83,936","29,063,623",346
Kyoto,fruit,8,"85,781","48,919,384",570
Kyoto,fruit,9,"157,746","78,096,040",495
Kyoto,fruit,10,"70,386","48,262,545",686
Kyoto,fruit,11,"50,129","12,785,243",255
Kyoto,fruit,12,"41,125","12,338,004",300
,,,,,
Osaka,,,"640,427","252,797,826",395
Osaka,vegetable,,"610,079","226,337,719",371
Osaka,vegetable,1,"76,586","15,619,916",204
Osaka,vegetable,2,"78,092","16,678,107",214
Osaka,vegetable,3,"79,082","18,511,044",234
Osaka,vegetable,4,"79,662","24,991,899",314
Osaka,vegetable,5,"38,811","21,680,184",559
Osaka,vegetable,6,"38,193","18,571,656",486
Osaka,vegetable,7,"42,792","17,244,749",403
Osaka,vegetable,8,"27,375","13,669,590",499
Osaka,vegetable,9,"24,294","11,298,697",465
Osaka,vegetable,10,"19,481","8,112,474",416
Osaka,vegetable,11,"27,057","23,021,961",851
Osaka,vegetable,12,"78,654","36,937,442",470
Osaka,fruit,,"30,348","26,460,107",872
Osaka,fruit,1,110,"147,528","1,341"
Osaka,fruit,2,139,"181,872","1,308"
Osaka,fruit,3,225,"295,758","1,314"
Osaka,fruit,4,287,"248,476",866
Osaka,fruit,6,"12,738","11,836,692",929
Osaka,fruit,7,"11,718","9,900,251",845
Osaka,fruit,8,"4,916","3,571,344",726
Osaka,fruit,11,106,"135,248","1,276"
Osaka,fruit,12,109,"142,938","1,311"
,,,,,
Hyogo,,,"11,466,840","1,602,883,390",140
Hyogo,vegetable,,"11,466,840","1,602,883,390",140
Hyogo,vegetable,1,"831,979","119,927,619",144
Hyogo,vegetable,2,"733,126","120,332,736",164
Hyogo,vegetable,3,"529,426","87,480,725",165
Hyogo,vegetable,4,"662,978","120,679,385",182
Hyogo,vegetable,5,"2,085,469","234,708,688",113
Hyogo,vegetable,6,"1,439,861","170,343,419",118
Hyogo,vegetable,7,"1,294,792","129,456,127",100
Hyogo,vegetable,8,"1,366,394","142,851,106",105
Hyogo,vegetable,9,"617,054","74,324,402",120
Hyogo,vegetable,10,"519,420","72,994,875",141
Hyogo,vegetable,11,"629,600","140,068,169",222
Hyogo,vegetable,12,"756,741","189,716,139",251
,,,,,
Nara,,,"775,665","280,304,320",361
Nara,vegetable,,"338,888","153,198,315",452
Nara,vegetable,1,804,"780,856",971
Nara,vegetable,2,"1,987","2,409,185","1,212"
Nara,vegetable,3,"4,380","6,136,573","1,401"
Nara,vegetable,4,"29,235","52,314,081","1,789"
Nara,vegetable,5,"77,210","25,674,448",333
Nara,vegetable,6,"130,929","37,749,357",288
Nara,vegetable,7,"45,856","10,596,120",231
Nara,vegetable,8,"33,732","10,886,590",323
Nara,vegetable,9,"11,505","3,494,732",304
Nara,vegetable,10,"1,807","2,048,622","1,134"
Nara,vegetable,11,59,"74,845","1,269"
Nara,vegetable,12,"1,384","1,032,906",746
Nara,fruit,,"436,777","127,106,005",291
Nara,fruit,1,"3,620","1,156,982",320
Nara,fruit,2,"2,021","923,184",457
Nara,fruit,4,12,"3,024",252
Nara,fruit,5,"2,412","3,812,184","1,581"
Nara,fruit,6,"23,694","26,444,862","1,116"
Nara,fruit,7,"20,568","18,457,070",897
Nara,fruit,8,"8,334","4,922,240",591
Nara,fruit,9,"4,694","1,954,575",416
Nara,fruit,10,"94,106","21,964,684",233
Nara,fruit,11,"203,613","36,185,335",178
Nara,fruit,12,"73,703","11,281,865",153
,,,,,
Wakayama,,,"9,515,969","3,245,751,228",341
Wakayama,vegetable,,"3,162,095","1,240,076,160",392
Wakayama,vegetable,1,"448,537","89,369,847",199
Wakayama,vegetable,2,"328,942","105,683,814",321
Wakayama,vegetable,3,"188,039","123,081,162",655
Wakayama,vegetable,4,"175,530","135,665,579",773
Wakayama,vegetable,5,"289,753","187,712,703",648
Wakayama,vegetable,6,"687,552","251,968,154",366
Wakayama,vegetable,7,"235,988","70,959,367",301
Wakayama,vegetable,8,"72,852","36,279,994",498
Wakayama,vegetable,9,"68,653","27,920,506",407
Wakayama,vegetable,10,"36,614","39,738,390","1,085"
Wakayama,vegetable,11,"134,819","46,584,743",346
Wakayama,vegetable,12,"494,816","125,111,901",253
Wakayama,fruit,,"6,353,874","2,005,675,068",316
Wakayama,fruit,1,"909,545","245,184,975",270
Wakayama,fruit,2,"682,776","180,081,347",264
Wakayama,fruit,3,"490,669","137,806,209",281
Wakayama,fruit,4,"272,066","81,672,264",300
Wakayama,fruit,5,"111,898","34,877,134",312
Wakayama,fruit,6,"78,287","33,709,934",431
Wakayama,fruit,7,"85,496","63,808,153",746
Wakayama,fruit,8,"39,060","27,260,023",698
Wakayama,fruit,9,"211,829","69,328,037",327
Wakayama,fruit,10,"832,846","185,070,934",222
Wakayama,fruit,11,"880,877","259,800,969",295
Wakayama,fruit,12,"1,758,525","687,075,089",391
,,,,,
Tottori,,,"3,144,221","1,169,809,623",372
Tottori,vegetable,,"1,552,682","711,882,517",458
Tottori,vegetable,1,"132,861","49,644,316",374
Tottori,vegetable,2,"84,586","31,490,912",372
Tottori,vegetable,3,"101,721","34,957,943",344
Tottori,vegetable,4,"101,021","36,955,181",366
Tottori,vegetable,5,"159,982","69,842,596",437
Tottori,vegetable,6,"161,105","77,492,515",481
Tottori,vegetable,7,"87,529","33,869,786",387
Tottori,vegetable,8,"60,722","32,353,823",533
Tottori,vegetable,9,"112,874","74,983,460",664
Tottori,vegetable,10,"151,998","82,480,715",543
Tottori,vegetable,11,"197,134","100,614,642",510
Tottori,vegetable,12,"201,149","87,196,628",433
Tottori,fruit,,"1,591,539","457,927,106",288
Tottori,fruit,1,"1,092","319,680",293
Tottori,fruit,2,252,"77,976",309
Tottori,fruit,3,"1,351","119,988",89
Tottori,fruit,5,"1,630","555,444",341
Tottori,fruit,6,"687,453","145,308,946",211
Tottori,fruit,7,"382,581","82,556,345",216
Tottori,fruit,8,"118,074","71,309,371",604
Tottori,fruit,9,"293,062","105,762,535",361
Tottori,fruit,10,"34,809","16,054,298",461
Tottori,fruit,11,"16,757","13,216,392",789
Tottori,fruit,12,"54,478","22,646,131",416
,,,,,
Shimane,,,"22,981","18,500,725",805
Shimane,vegetable,,"15,748","3,861,649",245
Shimane,vegetable,1,682,"172,872",253
Shimane,vegetable,2,897,"318,582",355
Shimane,vegetable,3,"1,161","506,328",436
Shimane,vegetable,4,"1,007","326,929",325
Shimane,vegetable,5,"1,257","250,707",199
Shimane,vegetable,6,"2,560","509,009",199
Shimane,vegetable,7,"4,105","766,511",187
Shimane,vegetable,8,"1,760","333,223",189
Shimane,vegetable,9,903,"209,313",232
Shimane,vegetable,10,270,"73,622",273
Shimane,vegetable,11,557,"162,404",292
Shimane,vegetable,12,589,"232,149",394
Shimane,fruit,,"7,233","14,639,076","2,024"
Shimane,fruit,1,455,"1,223,640","2,689"
Shimane,fruit,5,524,"1,057,536","2,018"
Shimane,fruit,6,"2,285","3,233,132","1,415"
Shimane,fruit,7,440,"528,228","1,201"
Shimane,fruit,9,"1,087","1,303,754","1,199"
Shimane,fruit,10,395,"321,710",814
Shimane,fruit,11,22,"77,760","3,535"
Shimane,fruit,12,"2,025","6,893,316","3,404"
,,,,,
Okayama,,,"2,956,453","965,179,766",326
Okayama,vegetable,,"2,781,979","781,839,990",281
Okayama,vegetable,1,"326,449","72,658,634",223
Okayama,vegetable,2,"270,614","67,370,573",249
Okayama,vegetable,3,"145,480","54,055,086",372
Okayama,vegetable,4,"193,649","65,704,855",339
Okayama,vegetable,5,"388,903","97,964,431",252
Okayama,vegetable,6,"334,304","83,629,131",250
Okayama,vegetable,7,"262,572","44,577,656",170
Okayama,vegetable,8,"193,055","44,689,951",231
Okayama,vegetable,9,"108,183","40,436,815",374
Okayama,vegetable,10,"108,603","52,534,952",484
Okayama,vegetable,11,"208,808","73,962,547",354
Okayama,vegetable,12,"241,359","84,255,359",349
Okayama,fruit,,"174,474","183,339,776","1,051"
Okayama,fruit,5,43,"177,120","4,119"
Okayama,fruit,6,"1,106","3,668,652","3,317"
Okayama,fruit,7,"9,954","19,373,516","1,946"
Okayama,fruit,8,"12,790","20,246,014","1,583"
Okayama,fruit,9,"68,591","66,562,536",970
Okayama,fruit,10,"73,851","62,063,107",840
Okayama,fruit,11,"6,357","9,039,190","1,422"
Okayama,fruit,12,"1,782","2,209,641","1,240"
,,,,,
Hiroshima,,,"491,745","414,099,347",842
Hiroshima,vegetable,,"385,162","381,216,166",990
Hiroshima,vegetable,1,"30,062","32,051,531","1,066"
Hiroshima,vegetable,2,"32,858","34,307,100","1,044"
Hiroshima,vegetable,3,"40,485","33,706,095",833
Hiroshima,vegetable,4,"36,866","25,669,682",696
Hiroshima,vegetable,5,"36,528","29,685,251",813
Hiroshima,vegetable,6,"30,246","21,180,258",700
Hiroshima,vegetable,7,"26,714","18,521,257",693
Hiroshima,vegetable,8,"24,358","20,822,804",855
Hiroshima,vegetable,9,"25,052","24,228,180",967
Hiroshima,vegetable,10,"28,146","39,543,272","1,405"
Hiroshima,vegetable,11,"33,711","47,688,676","1,415"
Hiroshima,vegetable,12,"40,136","53,812,060","1,341"
Hiroshima,fruit,,"106,583","32,883,181",309
Hiroshima,fruit,1,"7,710","1,949,238",253
Hiroshima,fruit,2,"26,119","6,326,899",242
Hiroshima,fruit,3,"24,859","6,332,289",255
Hiroshima,fruit,4,"15,870","5,172,962",326
Hiroshima,fruit,5,14,"19,569","1,398"
Hiroshima,fruit,7,187,"385,733","2,063"
Hiroshima,fruit,8,976,"812,052",832
Hiroshima,fruit,9,213,"394,805","1,854"
Hiroshima,fruit,10,801,"655,722",819
Hiroshima,fruit,11,"7,914","2,543,184",321
Hiroshima,fruit,12,"21,920","8,290,728",378
,,,,,
Yamaguchi,,,"10,834","35,060,635","3,236"
Yamaguchi,vegetable,,"5,999","31,744,419","5,292"
Yamaguchi,vegetable,1,151,"183,006","1,212"
Yamaguchi,vegetable,2,167,"269,665","1,615"
Yamaguchi,vegetable,3,447,"921,759","2,062"
Yamaguchi,vegetable,4,"3,057","2,723,609",891
Yamaguchi,vegetable,5,"1,363","576,234",423
Yamaguchi,vegetable,6,117,"84,672",724
Yamaguchi,vegetable,7,48,"71,928","1,499"
Yamaguchi,vegetable,8,43,"70,848","1,648"
Yamaguchi,vegetable,9,53,"614,952","11,603"
Yamaguchi,vegetable,10,192,"14,411,952","75,062"
Yamaguchi,vegetable,11,181,"11,527,866","63,690"
Yamaguchi,vegetable,12,180,"287,928","1,600"
Yamaguchi,fruit,,"4,835","3,316,216",686
Yamaguchi,fruit,3,340,"314,280",924
Yamaguchi,fruit,4,600,"502,308",837
Yamaguchi,fruit,8,800,"289,440",362
Yamaguchi,fruit,9,80,"49,572",620
Yamaguchi,fruit,10,"1,270","749,952",591
Yamaguchi,fruit,11,"1,720","1,391,764",809
Yamaguchi,fruit,12,25,"18,900",756
,,,,,
Tokushima,,,"9,903,157","3,207,667,382",324
Tokushima,vegetable,,"9,652,137","3,107,708,003",322
Tokushima,vegetable,1,"1,258,309","303,712,431",241
Tokushima,vegetable,2,"1,160,503","303,412,071",261
Tokushima,vegetable,3,"1,314,405","347,106,909",264
Tokushima,vegetable,4,"1,616,215","407,815,365",252
Tokushima,vegetable,5,"1,280,089","311,856,647",244
Tokushima,vegetable,6,"396,289","164,009,219",414
Tokushima,vegetable,7,"317,067","133,080,033",420
Tokushima,vegetable,8,"347,791","150,246,358",432
Tokushima,vegetable,9,"344,909","164,471,474",477
Tokushima,vegetable,10,"363,855","178,214,326",490
Tokushima,vegetable,11,"555,671","265,260,008",477
Tokushima,vegetable,12,"697,034","378,523,162",543
Tokushima,fruit,,"251,020","99,959,379",398
Tokushima,fruit,2,"17,465","2,246,076",129
Tokushima,fruit,3,"1,130","132,408",117
Tokushima,fruit,4,"1,040","367,308",353
Tokushima,fruit,6,120,"198,353","1,653"
Tokushima,fruit,7,"4,542","2,426,112",534
Tokushima,fruit,8,"184,960","82,115,694",444
Tokushima,fruit,9,"40,687","12,184,096",299
Tokushima,fruit,10,1,"1,188","1,188"
Tokushima,fruit,11,500,"65,880",132
Tokushima,fruit,12,575,"222,264",387
,,,,,
Kagawa,,,"1,463,824","418,666,946",286
Kagawa,vegetable,,"1,337,023","345,118,379",258
Kagawa,vegetable,1,"101,643","23,293,960",229
Kagawa,vegetable,2,"133,791","24,399,402",182
Kagawa,vegetable,3,"145,287","28,824,191",198
Kagawa,vegetable,4,"275,275","40,396,257",147
Kagawa,vegetable,5,"202,714","32,867,235",162
Kagawa,vegetable,6,"50,966","22,587,160",443
Kagawa,vegetable,7,"63,742","19,540,528",307
Kagawa,vegetable,8,"59,517","16,922,430",284
Kagawa,vegetable,9,"42,396","17,083,400",403
Kagawa,vegetable,10,"40,462","19,952,323",493
Kagawa,vegetable,11,"42,672","25,143,707",589
Kagawa,vegetable,12,"178,558","74,107,786",415
Kagawa,fruit,,"126,801","73,548,567",580
Kagawa,fruit,1,"4,369","6,266,160","1,434"
Kagawa,fruit,2,"13,208","8,905,853",674
Kagawa,fruit,3,"16,476","7,864,971",477
Kagawa,fruit,4,"8,135","4,203,792",517
Kagawa,fruit,5,"9,554","4,690,192",491
Kagawa,fruit,6,"23,691","8,913,718",376
Kagawa,fruit,7,"1,998","4,180,280","2,092"
Kagawa,fruit,8,"4,764","6,026,941","1,265"
Kagawa,fruit,9,813,"863,190","1,062"
Kagawa,fruit,10,"11,849","4,611,881",389
Kagawa,fruit,11,"16,551","8,295,729",501
Kagawa,fruit,12,"15,393","8,725,860",567
,,,,,
Ehime,,,"2,788,862","1,057,115,172",379
Ehime,vegetable,,"1,722,926","532,199,942",309
Ehime,vegetable,1,"138,555","68,745,609",496
Ehime,vegetable,2,"150,825","39,268,649",260
Ehime,vegetable,3,"126,648","35,343,262",279
Ehime,vegetable,4,"102,678","40,695,120",396
Ehime,vegetable,5,"78,486","34,595,737",441
Ehime,vegetable,6,"42,279","23,330,718",552
Ehime,vegetable,7,"219,520","53,742,763",245
Ehime,vegetable,8,"149,691","47,305,396",316
Ehime,vegetable,9,"129,826","41,063,144",316
Ehime,vegetable,10,"146,466","41,325,704",282
Ehime,vegetable,11,"196,989","47,597,993",242
Ehime,vegetable,12,"240,963","59,185,847",246
Ehime,fruit,,"1,065,936","524,915,230",492
Ehime,fruit,1,"233,118","75,168,772",322
Ehime,fruit,2,"235,975","89,307,073",378
Ehime,fruit,3,"202,495","110,551,384",546
Ehime,fruit,4,"119,313","63,237,629",530
Ehime,fruit,5,"73,798","29,287,272",397
Ehime,fruit,6,"19,741","11,621,938",589
Ehime,fruit,7,"4,570","5,378,137","1,177"
Ehime,fruit,8,"2,306","2,725,250","1,182"
Ehime,fruit,9,"41,157","45,053,463","1,095"
Ehime,fruit,10,"54,045","33,925,986",628
Ehime,fruit,11,"32,864","17,332,330",527
Ehime,fruit,12,"46,554","41,325,996",888
,,,,,
Kochi,,,"4,972,571","2,770,700,215",557
Kochi,vegetable,,"4,833,680","2,709,667,296",561
Kochi,vegetable,1,"366,529","198,677,734",542
Kochi,vegetable,2,"403,192","211,933,391",526
Kochi,vegetable,3,"590,486","263,777,453",447
Kochi,vegetable,4,"522,858","250,894,401",480
Kochi,vegetable,5,"784,942","356,883,184",455
Kochi,vegetable,6,"666,665","294,279,235",441
Kochi,vegetable,7,"196,137","162,475,083",828
Kochi,vegetable,8,"134,888","138,869,371","1,030"
Kochi,vegetable,9,"168,189","131,350,301",781
Kochi,vegetable,10,"299,891","171,410,708",572
Kochi,vegetable,11,"364,059","264,519,085",727
Kochi,vegetable,12,"335,844","264,597,350",788
Kochi,fruit,,"138,891","61,032,919",439
Kochi,fruit,1,"16,439","6,634,548",404
Kochi,fruit,2,"40,447","11,708,658",289
Kochi,fruit,3,"36,897","11,838,751",321
Kochi,fruit,4,"12,684","5,359,727",423
Kochi,fruit,5,"4,352","3,381,270",777
Kochi,fruit,6,"4,583","3,703,570",808
Kochi,fruit,7,"8,883","5,480,084",617
Kochi,fruit,8,"5,168","3,321,114",643
Kochi,fruit,9,43,"27,708",644
Kochi,fruit,10,"1,569","740,070",472
Kochi,fruit,11,"2,173","2,286,537","1,052"
Kochi,fruit,12,"5,653","6,550,882","1,159"
,,,,,
Fukuoka,,,"5,146,246","2,996,487,725",582
Fukuoka,vegetable,,"3,498,430","1,351,155,589",386
Fukuoka,vegetable,1,"254,807","109,157,681",428
Fukuoka,vegetable,2,"297,958","110,346,958",370
Fukuoka,vegetable,3,"432,164","146,881,108",340
Fukuoka,vegetable,4,"500,153","172,070,041",344
Fukuoka,vegetable,5,"497,599","130,962,302",263
Fukuoka,vegetable,6,"407,087","126,062,149",310
Fukuoka,vegetable,7,"124,342","44,977,176",362
Fukuoka,vegetable,8,"79,674","38,275,915",480
Fukuoka,vegetable,9,"126,189","52,288,316",414
Fukuoka,vegetable,10,"221,770","105,899,039",478
Fukuoka,vegetable,11,"286,712","159,638,407",557
Fukuoka,vegetable,12,"269,975","154,596,497",573
Fukuoka,fruit,,"1,647,816","1,645,332,136",998
Fukuoka,fruit,1,"176,908","198,166,949","1,120"
Fukuoka,fruit,2,"219,931","264,816,687","1,204"
Fukuoka,fruit,3,"262,020","299,066,309","1,141"
Fukuoka,fruit,4,"225,947","232,047,227","1,027"
Fukuoka,fruit,5,"117,618","105,485,770",897
Fukuoka,fruit,6,"39,014","59,699,771","1,530"
Fukuoka,fruit,7,"60,718","84,896,816","1,398"
Fukuoka,fruit,8,"77,419","86,171,289","1,113"
Fukuoka,fruit,9,"58,885","36,892,455",627
Fukuoka,fruit,10,"121,251","35,559,459",293
Fukuoka,fruit,11,"135,664","62,308,819",459
Fukuoka,fruit,12,"152,441","180,220,585","1,182"
,,,,,
Saga,,,"1,777,441","951,616,769",535
Saga,vegetable,,"1,283,085","412,125,234",321
Saga,vegetable,1,"40,603","18,840,512",464
Saga,vegetable,2,"58,192","26,732,280",459
Saga,vegetable,3,"120,221","53,691,935",447
Saga,vegetable,4,"280,419","71,702,961",256
Saga,vegetable,5,"410,200","72,965,481",178
Saga,vegetable,6,"138,512","43,880,891",317
Saga,vegetable,7,"33,550","16,608,673",495
Saga,vegetable,8,"17,051","12,245,596",718
Saga,vegetable,9,"47,639","22,670,014",476
Saga,vegetable,10,"49,717","24,657,693",496
Saga,vegetable,11,"53,912","28,093,814",521
Saga,vegetable,12,"33,069","20,035,384",606
Saga,fruit,,"494,356","539,491,535","1,091"
Saga,fruit,1,"40,207","59,847,829","1,488"
Saga,fruit,2,"83,557","91,078,520","1,090"
Saga,fruit,3,"113,452","118,034,200","1,040"
Saga,fruit,4,"88,848","84,887,234",955
Saga,fruit,5,"46,319","43,598,352",941
Saga,fruit,6,"16,463","18,718,962","1,137"
Saga,fruit,7,"31,320","29,828,108",952
Saga,fruit,8,"25,894","17,865,940",690
Saga,fruit,9,"2,761","979,803",355
Saga,fruit,10,"10,761","1,964,509",183
Saga,fruit,11,"2,233","4,931,648","2,209"
Saga,fruit,12,"32,541","67,756,430","2,082"
,,,,,
Nagasaki,,,"14,686,104","2,776,010,708",189
Nagasaki,vegetable,,"13,998,395","2,345,789,618",168
Nagasaki,vegetable,1,"1,261,240","160,955,810",128
Nagasaki,vegetable,2,"1,546,527","184,146,929",119
Nagasaki,vegetable,3,"2,376,506","331,787,084",140
Nagasaki,vegetable,4,"1,990,661","290,389,059",146
Nagasaki,vegetable,5,"1,889,872","261,156,923",138
Nagasaki,vegetable,6,"1,562,755","245,300,458",157
Nagasaki,vegetable,7,"556,493","106,400,355",191
Nagasaki,vegetable,8,"89,828","39,366,729",438
Nagasaki,vegetable,9,"55,295","29,858,953",540
Nagasaki,vegetable,10,"69,440","36,833,167",530
Nagasaki,vegetable,11,"1,060,217","230,487,408",217
Nagasaki,vegetable,12,"1,539,561","429,106,743",279
Nagasaki,fruit,,"687,709","430,221,090",626
Nagasaki,fruit,1,"33,693","41,676,705","1,237"
Nagasaki,fruit,2,"41,755","47,822,643","1,145"
Nagasaki,fruit,3,"66,799","74,290,463","1,112"
Nagasaki,fruit,4,"66,517","55,649,286",837
Nagasaki,fruit,5,"116,843","53,779,851",460
Nagasaki,fruit,6,"225,034","61,089,688",271
Nagasaki,fruit,7,"39,101","24,752,176",633
Nagasaki,fruit,8,"18,116","10,441,889",576
Nagasaki,fruit,9,"19,826","5,696,011",287
Nagasaki,fruit,10,"22,446","5,377,466",240
Nagasaki,fruit,11,"12,144","5,911,988",487
Nagasaki,fruit,12,"25,435","43,732,924","1,719"
,,,,,
Kumamoto,,,"13,782,122","5,747,088,708",417
Kumamoto,vegetable,,"11,800,462","4,622,011,622",392
Kumamoto,vegetable,1,"1,050,144","464,948,134",443
Kumamoto,vegetable,2,"1,016,244","449,749,682",443
Kumamoto,vegetable,3,"1,377,172","547,419,996",397
Kumamoto,vegetable,4,"1,829,145","650,544,200",356
Kumamoto,vegetable,5,"2,146,860","625,866,683",292
Kumamoto,vegetable,6,"1,581,081","486,846,900",308
Kumamoto,vegetable,7,"439,457","131,159,978",298
Kumamoto,vegetable,8,"187,401","68,957,147",368
Kumamoto,vegetable,9,"81,962","42,696,348",521
Kumamoto,vegetable,10,"204,190","120,740,023",591
Kumamoto,vegetable,11,"656,939","364,456,984",555
Kumamoto,vegetable,12,"1,229,867","668,625,547",544
Kumamoto,fruit,,"1,981,660","1,125,077,086",568
Kumamoto,fruit,1,"81,210","108,864,896","1,341"
Kumamoto,fruit,2,"124,401","138,468,932","1,113"
Kumamoto,fruit,3,"207,612","194,158,640",935
Kumamoto,fruit,4,"361,566","210,663,558",583
Kumamoto,fruit,5,"562,502","219,155,883",390
Kumamoto,fruit,6,"287,535","63,410,271",221
Kumamoto,fruit,7,"3,123","1,591,412",510
Kumamoto,fruit,8,"3,461","1,961,151",567
Kumamoto,fruit,9,"53,159","14,926,052",281
Kumamoto,fruit,10,"93,937","17,833,316",190
Kumamoto,fruit,11,"90,992","25,873,757",284
Kumamoto,fruit,12,"112,162","128,169,218","1,143"
,,,,,
Oita,,,"3,113,596","1,750,771,516",562
Oita,vegetable,,"2,554,252","1,084,703,523",425
Oita,vegetable,1,"194,753","82,702,500",425
Oita,vegetable,2,"261,180","89,525,004",343
Oita,vegetable,3,"238,508","92,685,097",389
Oita,vegetable,4,"167,767","88,500,003",528
Oita,vegetable,5,"175,721","76,613,866",436
Oita,vegetable,6,"274,162","104,506,261",381
Oita,vegetable,7,"318,211","118,526,466",372
Oita,vegetable,8,"210,350","99,159,685",471
Oita,vegetable,9,"177,321","87,080,409",491
Oita,vegetable,10,"100,204","50,365,009",503
Oita,vegetable,11,"128,046","66,772,322",521
Oita,vegetable,12,"308,029","128,266,901",416
Oita,fruit,,"559,344","666,067,993","1,191"
Oita,fruit,1,"42,587","61,268,927","1,439"
Oita,fruit,2,"91,902","111,007,018","1,208"
Oita,fruit,3,"118,413","136,345,888","1,151"
Oita,fruit,4,"102,916","108,239,350","1,052"
Oita,fruit,5,"88,389","82,855,825",937
Oita,fruit,6,"36,576","33,640,616",920
Oita,fruit,7,"2,999","3,501,944","1,168"
Oita,fruit,8,"8,828","5,616,819",636
Oita,fruit,9,"3,602","764,569",212
Oita,fruit,10,"2,314","304,776",132
Oita,fruit,11,"8,077","13,354,297","1,653"
Oita,fruit,12,"52,741","109,167,964","2,070"
,,,,,
Miyazaki,,,"6,911,131","2,271,974,305",329
Miyazaki,vegetable,,"6,598,972","2,004,512,098",304
Miyazaki,vegetable,1,"837,796","257,318,841",307
Miyazaki,vegetable,2,"760,403","220,568,897",290
Miyazaki,vegetable,3,"707,554","208,877,302",295
Miyazaki,vegetable,4,"725,442","207,979,833",287
Miyazaki,vegetable,5,"781,269","196,888,855",252
Miyazaki,vegetable,6,"727,825","165,862,525",228
Miyazaki,vegetable,7,"307,569","83,940,326",273
Miyazaki,vegetable,8,"243,364","63,539,937",261
Miyazaki,vegetable,9,"188,025","53,795,101",286
Miyazaki,vegetable,10,"199,169","69,511,657",349
Miyazaki,vegetable,11,"418,423","190,217,445",455
Miyazaki,vegetable,12,"702,133","286,011,379",407
Miyazaki,fruit,,"312,159","267,462,207",857
Miyazaki,fruit,1,"43,729","23,233,516",531
Miyazaki,fruit,2,"43,141","31,799,412",737
Miyazaki,fruit,3,"20,711","13,206,618",638
Miyazaki,fruit,4,"10,992","25,130,671","2,286"
Miyazaki,fruit,5,"21,051","53,882,765","2,560"
Miyazaki,fruit,6,"18,566","42,289,799","2,278"
Miyazaki,fruit,7,"9,698","21,229,740","2,189"
Miyazaki,fruit,8,"7,324","5,529,006",755
Miyazaki,fruit,9,"89,864","24,718,803",275
Miyazaki,fruit,10,"19,826","5,994,833",302
Miyazaki,fruit,11,"10,432","8,886,657",852
Miyazaki,fruit,12,"16,825","11,560,387",687
,,,,,
Kagoshima,,,"10,550,744","1,651,472,693",157
Kagoshima,vegetable,,"10,489,861","1,623,667,783",155
Kagoshima,vegetable,1,"1,293,114","128,265,031",99
Kagoshima,vegetable,2,"1,609,370","228,122,478",142
Kagoshima,vegetable,3,"1,629,520","302,679,790",186
Kagoshima,vegetable,4,"1,821,288","333,381,273",183
Kagoshima,vegetable,5,"1,795,544","187,944,291",105
Kagoshima,vegetable,6,"550,342","77,524,212",141
Kagoshima,vegetable,7,"139,049","42,910,447",309
Kagoshima,vegetable,8,"43,268","22,546,025",521
Kagoshima,vegetable,9,"41,899","19,440,322",464
Kagoshima,vegetable,10,"88,995","30,922,799",347
Kagoshima,vegetable,11,"517,106","73,482,811",142
Kagoshima,vegetable,12,"960,366","176,448,304",184
Kagoshima,fruit,,"60,883","27,804,910",457
Kagoshima,fruit,1,"8,706","6,074,778",698
Kagoshima,fruit,2,"10,884","5,099,112",468
Kagoshima,fruit,3,"17,716","4,566,339",258
Kagoshima,fruit,4,"7,216","2,017,419",280
Kagoshima,fruit,5,"4,997","1,425,902",285
Kagoshima,fruit,6,"2,895","1,197,504",414
Kagoshima,fruit,7,551,"628,517","1,141"
Kagoshima,fruit,8,190,"160,272",844
Kagoshima,fruit,9,671,"640,523",955
Kagoshima,fruit,10,704,"670,203",952
Kagoshima,fruit,11,737,"723,820",982
Kagoshima,fruit,12,"5,616","4,600,521",819
,,,,,
Okinawa,,,"259,611","131,227,681",505
Okinawa,vegetable,,"227,688","114,982,162",505
Okinawa,vegetable,1,"25,328","10,918,121",431
Okinawa,vegetable,2,"36,983","17,990,068",486
Okinawa,vegetable,3,"53,490","27,930,236",522
Okinawa,vegetable,4,"46,541","23,912,237",514
Okinawa,vegetable,5,"28,375","12,069,293",425
Okinawa,vegetable,6,"13,731","4,030,101",294
Okinawa,vegetable,7,"4,367","2,520,018",577
Okinawa,vegetable,8,"1,641","1,032,615",629
Okinawa,vegetable,9,"2,626","1,975,947",752
Okinawa,vegetable,10,"2,580","1,706,006",661
Okinawa,vegetable,11,"1,516","2,218,315","1,463"
Okinawa,vegetable,12,"10,510","8,679,205",826
Okinawa,fruit,,"31,923","16,245,519",509
Okinawa,fruit,1,25,"18,371",735
Okinawa,fruit,2,63,"81,972","1,301"
Okinawa,fruit,3,619,"630,666","1,019"
Okinawa,fruit,4,"2,355","1,452,589",617
Okinawa,fruit,5,"8,016","3,127,273",390
Okinawa,fruit,6,"6,356","2,192,669",345
Okinawa,fruit,7,"9,741","5,161,770",530
Okinawa,fruit,8,"4,131","2,855,886",691
Okinawa,fruit,9,485,"625,406","1,289"
Okinawa,fruit,10,70,"65,826",940
Okinawa,fruit,11,44,"19,483",443
Okinawa,fruit,12,18,"13,608",756
,,,,,
Korea,,,"507,730","247,496,521",487
Korea,vegetable,,"505,492","245,747,191",486
Korea,vegetable,1,"33,540","16,793,007",501
Korea,vegetable,2,"26,005","13,895,950",534
Korea,vegetable,3,"49,133","21,806,714",444
Korea,vegetable,4,"62,569","20,980,231",335
Korea,vegetable,5,"59,987","19,937,470",332
Korea,vegetable,6,"72,276","23,061,747",319
Korea,vegetable,7,"59,144","18,143,968",307
Korea,vegetable,8,"23,248","10,318,082",444
Korea,vegetable,9,"11,460","10,340,838",902
Korea,vegetable,10,"26,758","51,807,600","1,936"
Korea,vegetable,11,"37,774","19,199,938",508
Korea,vegetable,12,"43,598","19,461,646",446
Korea,fruit,,"2,238","1,749,330",782
Korea,fruit,4,"1,103","684,936",621
Korea,fruit,9,108,"196,020","1,815"
Korea,fruit,10,301,"585,954","1,947"
Korea,fruit,11,276,"201,420",730
Korea,fruit,12,450,"81,000",180
,,,,,
Taiwan,,,"66,593","22,576,524",339
Taiwan,vegetable,,"45,126","12,475,305",276
Taiwan,vegetable,2,"2,500","281,556",113
Taiwan,vegetable,3,"22,759","4,806,487",211
Taiwan,vegetable,4,"9,312","4,019,755",432
Taiwan,vegetable,5,"5,755","2,451,667",426
Taiwan,vegetable,12,"4,800","915,840",191
Taiwan,fruit,,"21,467","10,101,219",471
Taiwan,fruit,1,22,"23,328","1,060"
Taiwan,fruit,2,9,"9,720","1,080"
Taiwan,fruit,3,49,"52,488","1,071"
Taiwan,fruit,4,63,"68,040","1,080"
Taiwan,fruit,5,978,"486,000",497
Taiwan,fruit,6,"2,554","1,130,178",443
Taiwan,fruit,7,"7,588","5,055,502",666
Taiwan,fruit,8,"1,573","885,836",563
Taiwan,fruit,9,"6,756","1,680,567",249
Taiwan,fruit,10,960,"371,520",387
Taiwan,fruit,11,480,"185,760",387
Taiwan,fruit,12,435,"152,280",350
,,,,,
China,,,"826,187","696,625,028",843
China,vegetable,,"777,064","658,101,734",847
China,vegetable,1,"56,378","14,387,618",255
China,vegetable,2,"57,522","17,035,032",296
China,vegetable,3,"76,300","26,164,558",343
China,vegetable,4,"64,568","18,681,956",289
China,vegetable,5,"57,497","13,829,118",241
China,vegetable,6,"55,106","12,148,185",220
China,vegetable,7,"57,667","29,372,146",509
China,vegetable,8,"68,212","98,911,454","1,450"
China,vegetable,9,"73,727","158,329,232","2,148"
China,vegetable,10,"67,644","171,446,623","2,535"
China,vegetable,11,"67,206","73,282,789","1,090"
China,vegetable,12,"75,237","24,513,023",326
China,fruit,,"49,123","38,523,294",784
China,fruit,1,"6,949","5,348,776",770
China,fruit,2,"5,421","3,888,527",717
China,fruit,3,"5,235","3,125,267",597
China,fruit,4,"1,448","1,161,526",802
China,fruit,5,866,"659,548",762
China,fruit,6,"1,049","844,085",805
China,fruit,7,767,"642,231",837
China,fruit,8,"1,026","745,267",726
China,fruit,9,"1,996","1,742,185",873
China,fruit,10,"3,450","2,752,922",798
China,fruit,11,"7,422","6,198,933",835
China,fruit,12,"13,494","11,414,027",846
,,,,,
Philipine,,,"5,953,063","979,686,019",165
Philipine,vegetable,,"76,174","35,863,838",471
Philipine,vegetable,1,"9,694","4,822,880",498
Philipine,vegetable,2,"17,484","7,299,149",417
Philipine,vegetable,3,"15,600","6,867,719",440
Philipine,vegetable,4,"16,244","7,530,114",464
Philipine,vegetable,5,"9,576","4,698,918",491
Philipine,vegetable,6,"1,060","512,071",483
Philipine,vegetable,9,260,"144,936",557
Philipine,vegetable,10,"2,128","1,150,978",541
Philipine,vegetable,11,"3,208","2,182,680",680
Philipine,vegetable,12,920,"654,393",711
Philipine,fruit,,"5,876,889","943,822,181",161
Philipine,fruit,1,"344,980","54,959,655",159
Philipine,fruit,2,"377,253","61,408,434",163
Philipine,fruit,3,"402,591","69,845,793",173
Philipine,fruit,4,"385,151","69,053,513",179
Philipine,fruit,5,"554,910","94,528,267",170
Philipine,fruit,6,"521,133","92,214,509",177
Philipine,fruit,7,"468,408","82,833,999",177
Philipine,fruit,8,"530,516","85,957,809",162
Philipine,fruit,9,"650,489","100,845,960",155
Philipine,fruit,10,"475,074","71,389,289",150
Philipine,fruit,11,"631,195","81,135,037",129
Philipine,fruit,12,"535,189","79,649,916",149
,,,,,
Thailand,,,"178,761","102,548,226",574
Thailand,vegetable,,"166,757","94,094,094",564
Thailand,vegetable,1,"10,149","6,035,088",595
Thailand,vegetable,2,"23,395","9,543,751",408
Thailand,vegetable,3,"19,344","8,872,575",459
Thailand,vegetable,4,"21,848","10,925,504",500
Thailand,vegetable,5,"21,917","11,993,776",547
Thailand,vegetable,6,"8,707","5,339,615",613
Thailand,vegetable,7,"2,191","1,590,959",726
Thailand,vegetable,8,"2,013","2,142,300","1,064"
Thailand,vegetable,9,"3,425","1,851,272",541
Thailand,vegetable,10,"6,566","4,014,252",611
Thailand,vegetable,11,"24,099","16,214,929",673
Thailand,vegetable,12,"23,103","15,570,073",674
Thailand,fruit,,"12,004","8,454,132",704
Thailand,fruit,1,305,"188,855",619
Thailand,fruit,2,"1,258","730,935",581
Thailand,fruit,3,"1,643","1,158,559",705
Thailand,fruit,4,"1,729","1,268,756",734
Thailand,fruit,5,"1,476","1,089,375",738
Thailand,fruit,6,"1,645","1,320,167",803
Thailand,fruit,7,881,"578,330",656
Thailand,fruit,8,841,"573,338",682
Thailand,fruit,9,558,"417,273",748
Thailand,fruit,10,325,"261,147",804
Thailand,fruit,11,539,"453,454",841
Thailand,fruit,12,804,"413,943",515
,,,,,
Vietnam,,,"5,394","1,902,129",353
Vietnam,vegetable,,"1,200","103,680",86
Vietnam,vegetable,4,"1,000","86,400",86
Vietnam,vegetable,5,200,"17,280",86
Vietnam,fruit,,"4,194","1,798,449",429
Vietnam,fruit,1,145,"72,036",497
Vietnam,fruit,2,190,"59,616",314
Vietnam,fruit,3,340,"144,396",425
Vietnam,fruit,4,220,"125,388",570
Vietnam,fruit,5,342,"178,848",523
Vietnam,fruit,6,452,"210,114",465
Vietnam,fruit,7,454,"190,923",421
Vietnam,fruit,8,483,"215,892",447
Vietnam,fruit,9,418,"142,452",341
Vietnam,fruit,10,517,"178,362",345
Vietnam,fruit,11,219,"107,406",490
Vietnam,fruit,12,414,"173,016",418
,,,,,
Malaysia,,,745,"222,005",298
Malaysia,fruit,,745,"222,005",298
Malaysia,fruit,6,101,"48,211",477
Malaysia,fruit,8,134,"64,282",480
Malaysia,fruit,10,510,"109,512",215
,,,,,
Austlaria,,,"391,729","117,835,863",301
Austlaria,vegetable,,"13,874","9,311,713",671
Austlaria,vegetable,3,"2,070","152,496",74
Austlaria,vegetable,4,418,"221,832",531
Austlaria,vegetable,5,600,"228,290",380
Austlaria,vegetable,6,700,"448,416",641
Austlaria,vegetable,7,696,"371,088",533
Austlaria,vegetable,8,"1,051","541,836",516
Austlaria,vegetable,9,"1,287","765,342",595
Austlaria,vegetable,10,"4,373","3,692,073",844
Austlaria,vegetable,11,"2,493","2,807,828","1,126"
Austlaria,vegetable,12,186,"82,512",444
Austlaria,fruit,,"377,855","108,524,150",287
Austlaria,fruit,1,"7,528","1,633,445",217
Austlaria,fruit,2,"1,566","407,376",260
Austlaria,fruit,3,"2,041","1,262,391",619
Austlaria,fruit,4,"13,949","8,410,123",603
Austlaria,fruit,5,"22,471","12,454,916",554
Austlaria,fruit,6,"17,948","8,886,717",495
Austlaria,fruit,7,"45,613","12,292,302",269
Austlaria,fruit,8,"65,535","16,518,493",252
Austlaria,fruit,9,"58,662","13,764,643",235
Austlaria,fruit,10,"47,751","10,609,218",222
Austlaria,fruit,11,"45,793","10,171,084",222
Austlaria,fruit,12,"48,998","12,113,442",247
,,,,,
New Zealand,,,"2,285,911","705,571,564",309
New Zealand,vegetable,,"1,323,783","189,302,459",143
New Zealand,vegetable,1,"46,920","4,847,202",103
New Zealand,vegetable,2,"277,150","36,583,056",132
New Zealand,vegetable,3,"392,815","59,654,513",152
New Zealand,vegetable,4,"234,410","45,925,996",196
New Zealand,vegetable,5,"323,715","37,618,954",116
New Zealand,vegetable,6,"19,460","2,015,388",104
New Zealand,vegetable,7,"5,735","565,947",99
New Zealand,vegetable,8,"4,345","364,830",84
New Zealand,vegetable,9,"7,053","488,499",69
New Zealand,vegetable,10,"7,110","197,775",28
New Zealand,vegetable,11,"4,573","393,687",86
New Zealand,vegetable,12,497,"646,612","1,301"
New Zealand,fruit,,"962,128","516,269,105",537
New Zealand,fruit,1,"37,695","16,888,508",448
New Zealand,fruit,2,"2,701","1,437,614",532
New Zealand,fruit,3,68,"312,120","4,590"
New Zealand,fruit,4,"52,324","32,760,397",626
New Zealand,fruit,5,"166,272","97,889,426",589
New Zealand,fruit,6,"148,147","84,365,614",569
New Zealand,fruit,7,"127,468","69,684,132",547
New Zealand,fruit,8,"115,268","60,679,409",526
New Zealand,fruit,9,"122,358","64,550,671",528
New Zealand,fruit,10,"64,935","31,671,452",488
New Zealand,fruit,11,"53,226","23,396,968",440
New Zealand,fruit,12,"71,666","32,632,794",455
,,,,,
India,,,264,"593,246","2,247"
India,fruit,,264,"593,246","2,247"
India,fruit,1,7,"14,300","2,043"
India,fruit,2,13,"24,645","1,896"
India,fruit,3,9,"21,017","2,335"
India,fruit,4,37,"96,033","2,595"
India,fruit,5,52,"87,449","1,682"
India,fruit,6,26,"51,020","1,962"
India,fruit,7,33,"64,584","1,957"
India,fruit,8,16,"38,977","2,436"
India,fruit,9,18,"52,078","2,893"
India,fruit,10,24,"64,346","2,681"
India,fruit,11,17,"43,341","2,549"
India,fruit,12,12,"35,456","2,955"
,,,,,
Italy,,,8,"6,113",764
Italy,vegetable,,8,"6,113",764
Italy,vegetable,1,7,"4,385",626
Italy,vegetable,2,1,"1,728","1,728"
,,,,,
Spain,,,387,"558,522","1,443"
Spain,vegetable,,387,"558,522","1,443"
Spain,vegetable,1,3,"8,316","2,772"
Spain,vegetable,3,5,"1,296",259
Spain,vegetable,6,10,"36,450","3,645"
Spain,vegetable,7,36,"46,170","1,283"
Spain,vegetable,8,31,"46,170","1,489"
Spain,vegetable,9,36,"55,404","1,539"
Spain,vegetable,10,37,"55,404","1,497"
Spain,vegetable,11,113,"163,134","1,444"
Spain,vegetable,12,116,"146,178","1,260"
,,,,,
South Africa,,,"433,730","79,683,712",184
South Africa,fruit,,"433,730","79,683,712",184
South Africa,fruit,1,"2,025","364,500",180
South Africa,fruit,6,"59,910","12,449,809",208
South Africa,fruit,7,"84,600","17,145,119",203
South Africa,fruit,8,"99,825","18,681,818",187
South Africa,fruit,9,"78,270","14,463,112",185
South Africa,fruit,10,"56,383","9,185,632",163
South Africa,fruit,11,"41,741","5,989,841",144
South Africa,fruit,12,"10,976","1,403,881",128
,,,,,
Canada,,,"2,059","14,589,094","7,086"
Canada,vegetable,,"1,662","14,165,194","8,523"
Canada,vegetable,9,225,"2,021,274","8,983"
Canada,vegetable,10,"1,339","11,309,836","8,446"
Canada,vegetable,11,98,"834,084","8,511"
Canada,fruit,,397,"423,900","1,068"
Canada,fruit,1,26,"27,216","1,047"
Canada,fruit,2,25,"27,216","1,089"
Canada,fruit,3,40,"42,768","1,069"
Canada,fruit,4,63,"68,040","1,080"
Canada,fruit,5,18,"19,440","1,080"
Canada,fruit,6,32,"34,992","1,094"
Canada,fruit,7,67,"71,928","1,074"
Canada,fruit,8,27,"29,160","1,080"
Canada,fruit,9,18,"19,440","1,080"
Canada,fruit,10,18,"19,440","1,080"
Canada,fruit,11,14,"14,688","1,049"
Canada,fruit,12,49,"49,572","1,012"
,,,,,
USA,,,"1,607,552","681,513,680",424
USA,vegetable,,"122,599","57,449,786",469
USA,vegetable,1,"10,003","3,883,662",388
USA,vegetable,2,"7,521","2,884,264",383
USA,vegetable,3,"7,405","1,867,185",252
USA,vegetable,4,"12,028","2,979,720",248
USA,vegetable,5,"15,712","5,034,882",320
USA,vegetable,6,"12,878","4,822,848",375
USA,vegetable,7,"9,504","3,459,429",364
USA,vegetable,8,"10,346","4,453,704",430
USA,vegetable,9,"10,822","9,179,784",848
USA,vegetable,10,"7,653","4,893,902",639
USA,vegetable,11,"8,308","8,921,469","1,074"
USA,vegetable,12,"10,419","5,068,937",487
USA,fruit,,"1,484,953","624,063,894",420
USA,fruit,1,"107,543","34,361,474",320
USA,fruit,2,"119,240","36,608,754",307
USA,fruit,3,"215,987","61,213,276",283
USA,fruit,4,"196,132","59,262,209",302
USA,fruit,5,"244,989","106,628,000",435
USA,fruit,6,"222,396","106,361,366",478
USA,fruit,7,"91,682","46,976,004",512
USA,fruit,8,"41,429","27,968,766",675
USA,fruit,9,"37,449","27,105,965",724
USA,fruit,10,"38,609","28,421,099",736
USA,fruit,11,"66,723","42,048,121",630
USA,fruit,12,"102,774","47,108,860",458
,,,,,
Mexico,,,"1,262,461","389,669,441",309
Mexico,vegetable,,"790,150","154,765,995",196
Mexico,vegetable,1,"244,971","35,770,919",146
Mexico,vegetable,2,"66,132","12,204,821",185
Mexico,vegetable,3,"11,177","6,662,773",596
Mexico,vegetable,4,"7,239","5,256,700",726
Mexico,vegetable,5,"18,906","5,199,503",275
Mexico,vegetable,6,"219,565","35,741,584",163
Mexico,vegetable,7,"12,537","4,694,113",374
Mexico,vegetable,8,652,"5,581,635","8,561"
Mexico,vegetable,9,402,"5,679,547","14,128"
Mexico,vegetable,10,191,"2,513,570","13,160"
Mexico,vegetable,11,"18,590","7,485,421",403
Mexico,vegetable,12,"189,788","27,975,409",147
Mexico,fruit,,"472,311","234,903,446",497
Mexico,fruit,1,"44,000","14,730,444",335
Mexico,fruit,2,"41,206","15,843,989",385
Mexico,fruit,3,"53,807","21,801,539",405
Mexico,fruit,4,"46,723","23,674,636",507
Mexico,fruit,5,"45,326","26,410,244",583
Mexico,fruit,6,"42,610","22,210,373",521
Mexico,fruit,7,"37,693","19,435,096",516
Mexico,fruit,8,"29,391","17,800,862",606
Mexico,fruit,9,"25,848","15,866,109",614
Mexico,fruit,10,"20,549","13,712,091",667
Mexico,fruit,11,"41,142","19,659,618",478
Mexico,fruit,12,"44,016","23,758,445",540
,,,,,
Ecuador,,,"186,394","28,925,060",155
Ecuador,fruit,,"186,394","28,925,060",155
Ecuador,fruit,1,"9,188","1,621,729",177
Ecuador,fruit,2,"8,261","1,558,244",189
Ecuador,fruit,3,"13,605","2,372,519",174
Ecuador,fruit,4,"12,931","2,421,400",187
Ecuador,fruit,5,"12,083","2,321,071",192
Ecuador,fruit,6,"23,799","3,933,946",165
Ecuador,fruit,7,"11,952","2,157,298",180
Ecuador,fruit,8,"8,576","1,581,142",184
Ecuador,fruit,9,"41,086","4,477,504",109
Ecuador,fruit,10,"17,925","2,126,215",119
Ecuador,fruit,11,"15,934","2,300,094",144
Ecuador,fruit,12,"11,054","2,053,898",186
,,,,,
Chile,,,"250,707","89,466,421",357
Chile,fruit,,"250,707","89,466,421",357
Chile,fruit,1,"3,674","2,950,777",803
Chile,fruit,2,"7,078","3,690,782",521
Chile,fruit,3,"16,029","6,602,521",412
Chile,fruit,4,"24,842","8,555,635",344
Chile,fruit,5,"23,295","7,688,763",330
Chile,fruit,6,"4,093","1,467,871",359
Chile,fruit,7,"36,712","13,568,040",370
Chile,fruit,8,"44,262","15,255,184",345
Chile,fruit,9,"39,563","13,276,656",336
Chile,fruit,10,"36,561","11,908,080",326
Chile,fruit,11,"14,242","3,937,844",276
Chile,fruit,12,356,"564,268","1,585"
,,,,,
Others,,,"637,891","174,226,977",273
Others,vegetable,,"228,800","113,509,957",496
Others,vegetable,1,"17,075","8,488,703",497
Others,vegetable,2,"20,598","8,923,462",433
Others,vegetable,3,"15,777","7,514,262",476
Others,vegetable,4,"1,562","1,402,218",898
Others,vegetable,5,"1,779","1,852,362","1,041"
Others,vegetable,6,"1,592","1,384,560",870
Others,vegetable,7,"1,301","1,150,297",884
Others,vegetable,8,"12,108","8,267,670",683
Others,vegetable,9,"18,973","13,021,031",686
Others,vegetable,10,"13,857","6,449,414",465
Others,vegetable,11,"91,714","32,496,214",354
Others,vegetable,12,"32,464","22,559,764",695
Others,fruit,,"409,091","60,717,020",148
Others,fruit,1,"39,615","4,878,751",123
Others,fruit,2,"44,092","6,126,159",139
Others,fruit,3,"63,528","10,491,124",165
Others,fruit,4,"65,449","9,577,139",146
Others,fruit,5,"52,892","7,466,530",141
Others,fruit,6,"45,097","5,658,452",125
Others,fruit,7,"19,229","3,012,975",157
Others,fruit,8,"22,418","3,453,096",154
Others,fruit,9,"20,993","2,360,049",112
Others,fruit,10,"12,648","1,384,184",109
Others,fruit,11,"3,831","1,041,260",272
Others,fruit,12,"19,299","5,267,301",273
